{
  "happy": {
    "precision": 0.6050451807228916,
    "recall": 0.6128909229595728,
    "f1-score": 0.6089427813565744,
    "support": 2622.0
  },
  "neutral": {
    "precision": 0.4119341563786008,
    "recall": 0.4547932757837347,
    "f1-score": 0.4323040380047506,
    "support": 2201.0
  },
  "sad": {
    "precision": 0.6468771448181194,
    "recall": 0.5933270380862449,
    "f1-score": 0.6189459858808077,
    "support": 3177.0
  },
  "accuracy": 0.561625,
  "macro avg": {
    "precision": 0.5546188273065372,
    "recall": 0.5536704122765174,
    "f1-score": 0.5533976017473776,
    "support": 8000.0
  },
  "weighted avg": {
    "precision": 0.568528028891486,
    "recall": 0.561625,
    "f1-score": 0.56431756968859,
    "support": 8000.0
  }
}